Variant,Condition,LPR,Value,intact
D162A,H2O,LPR5,46.01,LPR5.D162A
D162A,H2O,LPR5,48.94,LPR5.D162A
D162A,H2O,LPR5,37.94,LPR5.D162A
D162A,H2O,LPR5,36.11,LPR5.D162A
D162A,H2O,LPR5,28.12,LPR5.D162A
D162A,H2O,LPR5,41.56,LPR5.D162A
D162A,H2O,LPR5,63.22,LPR5.D162A
D162A,H2O,LPR5,30.96,LPR5.D162A
D162A,H2O,LPR10,33.7,LPR10.D162A
D162A,H2O,LPR10,63.73,LPR10.D162A
D162A,H2O,LPR10,33.6,LPR10.D162A
D162A,H2O,LPR10,41.27,LPR10.D162A
D162A,H2O,LPR10,37.81,LPR10.D162A
D162A,H2O,LPR10,53.73,LPR10.D162A
D162A,H2O,LPR10,32,LPR10.D162A
D162A,H2O,LPR10,51.89,LPR10.D162A
WT,H2O,LPR5,43.69,LPR5.WT
WT,H2O,LPR5,44.83,LPR5.WT
WT,H2O,LPR5,42.48,LPR5.WT
WT,H2O,LPR5,42.58,LPR5.WT
WT,H2O,LPR5,41.72,LPR5.WT
WT,H2O,LPR5,49.97,LPR5.WT
WT,H2O,LPR5,48.32,LPR5.WT
WT,H2O,LPR5,42.44,LPR5.WT
WT,H2O,LPR5,42.96,LPR5.WT
WT,H2O,LPR10,36.13,LPR10.WT
WT,H2O,LPR10,32.81,LPR10.WT
WT,H2O,LPR10,31.82,LPR10.WT
WT,H2O,LPR10,33,LPR10.WT
WT,H2O,LPR10,30.339,LPR10.WT
WT,H2O,LPR10,33.58,LPR10.WT
WT,H2O,LPR10,33.58,LPR10.WT
WT,H2O,LPR10,34.151,LPR10.WT
WT,H2O,LPR10,34.376,LPR10.WT
