Variant,Condition,LPR,Value
WT,H2O,LPR5,1.981
WT,H2O,LPR5,1.686
WT,H2O,LPR5,2.132
WT,H2O,LPR5,1.988
WT,H2O,LPR5,2.026
WT,H2O,LPR5,1.99
WT,H2O,LPR5,2.118
WT,H2O,LPR5,2.194
WT,H2O,LPR5,2.127
H170A,H2O,LPR5,1.347
H170A,H2O,LPR5,1.132
H170A,H2O,LPR5,0.938
H170A,H2O,LPR5,0.938
H170A,H2O,LPR5,1.297
H170A,H2O,LPR5,1.75
H170A,H2O,LPR5,2.401
H170A,H2O,LPR5,1.776
H170D,H2O,LPR5,1.815
H170D,H2O,LPR5,1.245
H170D,H2O,LPR5,1.354
H170D,H2O,LPR5,1.405
H170D,H2O,LPR5,1.846
H170D,H2O,LPR5,2.157
H170D,H2O,LPR5,2.082
H170D,H2O,LPR5,2.549
H170D,H2O,LPR5,1.507
H170D,H2O,LPR5,1.391
H170D,H2O,LPR5,1.337
H170E,H2O,LPR5,3.099
H170E,H2O,LPR5,3.245
H170E,H2O,LPR5,2.594
H170E,H2O,LPR5,2.759
H170E,H2O,LPR5,1.453
H170E,H2O,LPR5,1.731
H170E,H2O,LPR5,2.329
H170E,H2O,LPR5,2.256
H170E,H2O,LPR5,1.766
WT,H2O,LPR10,1.114
WT,H2O,LPR10,0.998
WT,H2O,LPR10,1.085
WT,H2O,LPR10,1.15
WT,H2O,LPR10,1.069
WT,H2O,LPR10,1.396
WT,H2O,LPR10,1.396
WT,H2O,LPR10,0.901
WT,H2O,LPR10,0.91
H170A,H2O,LPR10,0.833
H170A,H2O,LPR10,1.105
H170A,H2O,LPR10,1.121
H170A,H2O,LPR10,1.156
H170A,H2O,LPR10,0.726
H170D,H2O,LPR10,1.163
H170D,H2O,LPR10,0.773
H170D,H2O,LPR10,0.862
H170D,H2O,LPR10,0.757
H170E,H2O,LPR10,0.843
H170E,H2O,LPR10,1.38
H170E,H2O,LPR10,1.235
H170E,H2O,LPR10,1.763
H170E,H2O,LPR10,0.799
H170E,H2O,LPR10,0.799
H170E,H2O,LPR10,1.123
