Dataset_use,Variant,Substrate,Condition,LPR,Parameter,Unit,Replicate_ID,Value
Figures 2/4 H2O NH4+ series,H170A,NH4+,H2O,5,Maximum amplitude,nA,1,1.347
Figures 2/4 H2O NH4+ series,H170A,NH4+,H2O,5,Maximum amplitude,nA,2,1.132
Figures 2/4 H2O NH4+ series,H170A,NH4+,H2O,5,Maximum amplitude,nA,3,0.938
Figures 2/4 H2O NH4+ series,H170A,NH4+,H2O,5,Maximum amplitude,nA,4,0.938
Figures 2/4 H2O NH4+ series,H170A,NH4+,H2O,5,Maximum amplitude,nA,5,1.297
Figures 2/4 H2O NH4+ series,H170A,NH4+,H2O,5,Maximum amplitude,nA,6,1.75
Figures 2/4 H2O NH4+ series,H170A,NH4+,H2O,5,Maximum amplitude,nA,7,2.401
Figures 2/4 H2O NH4+ series,H170A,NH4+,H2O,5,Maximum amplitude,nA,8,1.776
Figures 2/4 H2O NH4+ series,H170A,NH4+,H2O,5,k,s^-1,1,32.15
Figures 2/4 H2O NH4+ series,H170A,NH4+,H2O,5,k,s^-1,2,26.2
Figures 2/4 H2O NH4+ series,H170A,NH4+,H2O,5,k,s^-1,3,34.511
Figures 2/4 H2O NH4+ series,H170A,NH4+,H2O,5,k,s^-1,4,37.55
Figures 2/4 H2O NH4+ series,H170A,NH4+,H2O,5,k,s^-1,5,34.74
Figures 2/4 H2O NH4+ series,H170A,NH4+,H2O,5,k,s^-1,6,51.78
Figures 2/4 H2O NH4+ series,H170A,NH4+,H2O,5,k,s^-1,7,34.24
Figures 2/4 H2O NH4+ series,H170A,NH4+,H2O,10,Maximum amplitude,nA,1,0.833
Figures 2/4 H2O NH4+ series,H170A,NH4+,H2O,10,Maximum amplitude,nA,2,1.105
Figures 2/4 H2O NH4+ series,H170A,NH4+,H2O,10,Maximum amplitude,nA,3,1.121
Figures 2/4 H2O NH4+ series,H170A,NH4+,H2O,10,Maximum amplitude,nA,4,1.156
Figures 2/4 H2O NH4+ series,H170A,NH4+,H2O,10,Maximum amplitude,nA,5,0.726
Figures 2/4 H2O NH4+ series,H170A,NH4+,H2O,10,k,s^-1,1,29
Figures 2/4 H2O NH4+ series,H170A,NH4+,H2O,10,k,s^-1,2,31
Figures 2/4 H2O NH4+ series,H170A,NH4+,H2O,10,k,s^-1,3,18.47
Figures 2/4 H2O NH4+ series,H170D,NH4+,H2O,5,Maximum amplitude,nA,1,1.815
Figures 2/4 H2O NH4+ series,H170D,NH4+,H2O,5,Maximum amplitude,nA,2,1.405
Figures 2/4 H2O NH4+ series,H170D,NH4+,H2O,5,Maximum amplitude,nA,3,1.846
Figures 2/4 H2O NH4+ series,H170D,NH4+,H2O,5,Maximum amplitude,nA,4,2.157
Figures 2/4 H2O NH4+ series,H170D,NH4+,H2O,5,Maximum amplitude,nA,5,2.082
Figures 2/4 H2O NH4+ series,H170D,NH4+,H2O,5,Maximum amplitude,nA,6,2.549
Figures 2/4 H2O NH4+ series,H170D,NH4+,H2O,5,Maximum amplitude,nA,7,1.507
Figures 2/4 H2O NH4+ series,H170D,NH4+,H2O,5,Maximum amplitude,nA,8,1.391
Figures 2/4 H2O NH4+ series,H170D,NH4+,H2O,5,Maximum amplitude,nA,9,1.337
Figures 2/4 H2O NH4+ series,H170D,NH4+,H2O,5,Maximum amplitude,nA,10,1.245
Figures 2/4 H2O NH4+ series,H170D,NH4+,H2O,5,Maximum amplitude,nA,11,1.354
Figures 2/4 H2O NH4+ series,H170D,NH4+,H2O,5,k,s^-1,1,24.36
Figures 2/4 H2O NH4+ series,H170D,NH4+,H2O,5,k,s^-1,2,25.67
Figures 2/4 H2O NH4+ series,H170D,NH4+,H2O,5,k,s^-1,3,25.67
Figures 2/4 H2O NH4+ series,H170D,NH4+,H2O,5,k,s^-1,4,32.81
Figures 2/4 H2O NH4+ series,H170D,NH4+,H2O,5,k,s^-1,5,29.98
Figures 2/4 H2O NH4+ series,H170D,NH4+,H2O,5,k,s^-1,6,35.52
Figures 2/4 H2O NH4+ series,H170D,NH4+,H2O,5,k,s^-1,7,35.75
Figures 2/4 H2O NH4+ series,H170D,NH4+,H2O,5,k,s^-1,8,35.75
Figures 2/4 H2O NH4+ series,H170D,NH4+,H2O,5,k,s^-1,9,28.57
Figures 2/4 H2O NH4+ series,H170D,NH4+,H2O,5,k,s^-1,10,33.93
Figures 2/4 H2O NH4+ series,H170D,NH4+,H2O,5,k,s^-1,11,33.93
Figures 2/4 H2O NH4+ series,H170D,NH4+,H2O,5,k,s^-1,12,33.12
Figures 2/4 H2O NH4+ series,H170D,NH4+,H2O,5,k,s^-1,13,36.17
Figures 2/4 H2O NH4+ series,H170D,NH4+,H2O,10,Maximum amplitude,nA,1,1.163
Figures 2/4 H2O NH4+ series,H170D,NH4+,H2O,10,Maximum amplitude,nA,2,0.773
Figures 2/4 H2O NH4+ series,H170D,NH4+,H2O,10,Maximum amplitude,nA,3,0.862
Figures 2/4 H2O NH4+ series,H170D,NH4+,H2O,10,Maximum amplitude,nA,4,0.757
Figures 2/4 H2O NH4+ series,H170D,NH4+,H2O,10,k,s^-1,1,21.67
Figures 2/4 H2O NH4+ series,H170D,NH4+,H2O,10,k,s^-1,2,16.97
Figures 2/4 H2O NH4+ series,H170D,NH4+,H2O,10,k,s^-1,3,21.57
Figures 2/4 H2O NH4+ series,H170E,NH4+,H2O,5,Maximum amplitude,nA,1,3.099
Figures 2/4 H2O NH4+ series,H170E,NH4+,H2O,5,Maximum amplitude,nA,2,3.245
Figures 2/4 H2O NH4+ series,H170E,NH4+,H2O,5,Maximum amplitude,nA,3,2.594
Figures 2/4 H2O NH4+ series,H170E,NH4+,H2O,5,Maximum amplitude,nA,4,2.759
Figures 2/4 H2O NH4+ series,H170E,NH4+,H2O,5,Maximum amplitude,nA,5,1.453
Figures 2/4 H2O NH4+ series,H170E,NH4+,H2O,5,Maximum amplitude,nA,6,1.731
Figures 2/4 H2O NH4+ series,H170E,NH4+,H2O,5,Maximum amplitude,nA,7,2.329
Figures 2/4 H2O NH4+ series,H170E,NH4+,H2O,5,Maximum amplitude,nA,8,2.256
Figures 2/4 H2O NH4+ series,H170E,NH4+,H2O,5,Maximum amplitude,nA,9,1.766
Figures 2/4 H2O NH4+ series,H170E,NH4+,H2O,5,k,s^-1,1,21.27
Figures 2/4 H2O NH4+ series,H170E,NH4+,H2O,5,k,s^-1,2,23.42
Figures 2/4 H2O NH4+ series,H170E,NH4+,H2O,5,k,s^-1,3,27.71
Figures 2/4 H2O NH4+ series,H170E,NH4+,H2O,5,k,s^-1,4,25.99
Figures 2/4 H2O NH4+ series,H170E,NH4+,H2O,5,k,s^-1,5,18.95
Figures 2/4 H2O NH4+ series,H170E,NH4+,H2O,5,k,s^-1,6,21.16
Figures 2/4 H2O NH4+ series,H170E,NH4+,H2O,5,k,s^-1,7,28.31
Figures 2/4 H2O NH4+ series,H170E,NH4+,H2O,5,k,s^-1,8,32.08
Figures 2/4 H2O NH4+ series,H170E,NH4+,H2O,5,k,s^-1,9,17.23
Figures 2/4 H2O NH4+ series,H170E,NH4+,H2O,10,Maximum amplitude,nA,1,0.843
Figures 2/4 H2O NH4+ series,H170E,NH4+,H2O,10,Maximum amplitude,nA,2,1.38
Figures 2/4 H2O NH4+ series,H170E,NH4+,H2O,10,Maximum amplitude,nA,3,1.235
Figures 2/4 H2O NH4+ series,H170E,NH4+,H2O,10,Maximum amplitude,nA,4,1.763
Figures 2/4 H2O NH4+ series,H170E,NH4+,H2O,10,Maximum amplitude,nA,5,0.799
Figures 2/4 H2O NH4+ series,H170E,NH4+,H2O,10,Maximum amplitude,nA,6,0.799
Figures 2/4 H2O NH4+ series,H170E,NH4+,H2O,10,Maximum amplitude,nA,7,1.123
Figures 2/4 H2O NH4+ series,H170E,NH4+,H2O,10,k,s^-1,1,10.11
Figures 2/4 H2O NH4+ series,H170E,NH4+,H2O,10,k,s^-1,2,11.59
Figures 2/4 H2O NH4+ series,H170E,NH4+,H2O,10,k,s^-1,3,11.59
Figures 2/4 H2O NH4+ series,H170E,NH4+,H2O,10,k,s^-1,4,11.57
Figures 2/4 H2O NH4+ series,H170E,NH4+,H2O,10,k,s^-1,5,20.97
Figures 2/4 H2O NH4+ series,H170E,NH4+,H2O,10,k,s^-1,6,14.14
Figures 2/4 H2O NH4+ series,H170E,NH4+,H2O,10,k,s^-1,7,16.09