Variant,LPR,Max_Amplitude,Decay_Rate
WT,LPR5,1.981,43.69
WT,LPR5,1.686,44.83
WT,LPR5,2.132,42.48
WT,LPR5,1.988,42.58
WT,LPR5,2.026,41.72
WT,LPR5,1.99,49.97
WT,LPR5,2.118,48.32
WT,LPR5,2.194,42.44
WT,LPR5,2.127,42.96
WT,LPR10,1.114,36.13
WT,LPR10,0.998,32.81
WT,LPR10,1.085,31.82
WT,LPR10,1.15,33
WT,LPR10,1.069,30.339
WT,LPR10,1.396,33.58
WT,LPR10,1.396,33.58
WT,LPR10,0.901,34.151
WT,LPR10,0.91,34.376
WT,LPR10,0.935,29.69
H170A,LPR5,1.347,32.15
H170A,LPR5,1.132,26.2
H170A,LPR5,0.938,34.511
H170A,LPR5,0.938,37.55
H170A,LPR5,1.297,34.74
H170A,LPR5,1.75,51.78
H170A,LPR5,2.401,34.24
H170A,LPR5,1.776,NA
H170A,LPR10,0.833,29
H170A,LPR10,1.105,31
H170A,LPR10,1.121,18.47
H170A,LPR10,1.156,NA
H170A,LPR10,0.726,NA
H170D,LPR5,1.815,24.36
H170D,LPR5,1.405,25.67
H170D,LPR5,1.846,25.67
H170D,LPR5,2.157,32.81
H170D,LPR5,2.082,29.98
H170D,LPR5,2.549,35.52
H170D,LPR5,1.507,35.75
H170D,LPR5,1.391,35.75
H170D,LPR5,1.337,28.57
H170D,LPR5,1.245,33.93
H170D,LPR5,1.354,33.93
H170D,LPR5,NA,33.12
H170D,LPR5,NA,36.17
H170D,LPR10,1.163,21.67
H170D,LPR10,0.773,16.97
H170D,LPR10,0.862,21.57
H170D,LPR10,0.757,NA
H170E,LPR5,3.099,21.27
H170E,LPR5,3.245,23.42
H170E,LPR5,2.594,27.71
H170E,LPR5,2.759,25.99
H170E,LPR5,1.453,18.95
H170E,LPR5,1.731,21.16
H170E,LPR5,2.329,28.31
H170E,LPR5,2.256,32.08
H170E,LPR5,1.766,17.23
H170E,LPR10,0.843,10.11
H170E,LPR10,1.38,11.59
H170E,LPR10,1.235,11.59
H170E,LPR10,1.763,11.57
H170E,LPR10,0.799,20.97
H170E,LPR10,0.799,14.14
H170E,LPR10,1.123,16.09
