Series,Figure number/Panel,Variant,Condition,LPR,Parameter,Unit,Value
1,Figure 1; Figure 3C,D162A,H2O,5,Maximum amplitude,nA,1.156
1,Figure 1; Figure 3C,D162A,H2O,5,Maximum amplitude,nA,1.179
1,Figure 1; Figure 3C,D162A,H2O,5,Maximum amplitude,nA,0.987
1,Figure 1; Figure 3C,D162A,H2O,5,Maximum amplitude,nA,0.991
1,Figure 1; Figure 3C,D162A,H2O,5,Maximum amplitude,nA,1.506
1,Figure 1; Figure 3C,D162A,H2O,5,Maximum amplitude,nA,1.387
1,Figure 1; Figure 3C,D162A,H2O,5,Maximum amplitude,nA,0.942
1,Figure 1; Figure 3C,D162A,H2O,5,Maximum amplitude,nA,1.141
1,Figure 1; Figure 3C,D162A,H2O,5,Maximum amplitude,nA,0.923
1,Figure 1; Figure 3C; Figure 5B,WT,H2O,5,Maximum amplitude,nA,1.981
1,Figure 1; Figure 3C; Figure 5B,WT,H2O,5,Maximum amplitude,nA,1.686
1,Figure 1; Figure 3C; Figure 5B,WT,H2O,5,Maximum amplitude,nA,2.132
1,Figure 1; Figure 3C; Figure 5B,WT,H2O,5,Maximum amplitude,nA,1.988
1,Figure 1; Figure 3C; Figure 5B,WT,H2O,5,Maximum amplitude,nA,2.026
1,Figure 1; Figure 3C; Figure 5B,WT,H2O,5,Maximum amplitude,nA,1.990
1,Figure 1; Figure 3C; Figure 5B,WT,H2O,5,Maximum amplitude,nA,2.118
1,Figure 1; Figure 3C; Figure 5B,WT,H2O,5,Maximum amplitude,nA,2.194
1,Figure 1; Figure 3C; Figure 5B,WT,H2O,5,Maximum amplitude,nA,2.127
1,Figure 1; Figure 5B,H170A,H2O,5,Maximum amplitude,nA,1.347
1,Figure 1; Figure 5B,H170A,H2O,5,Maximum amplitude,nA,1.132
1,Figure 1; Figure 5B,H170A,H2O,5,Maximum amplitude,nA,0.938
1,Figure 1; Figure 5B,H170A,H2O,5,Maximum amplitude,nA,0.938
1,Figure 1; Figure 5B,H170A,H2O,5,Maximum amplitude,nA,1.297
1,Figure 1; Figure 5B,H170A,H2O,5,Maximum amplitude,nA,1.750
1,Figure 1; Figure 5B,H170A,H2O,5,Maximum amplitude,nA,2.401
1,Figure 1; Figure 5B,H170A,H2O,5,Maximum amplitude,nA,1.776
1,Figure 1; Figure 5B,H170D,H2O,5,Maximum amplitude,nA,1.815
1,Figure 1; Figure 5B,H170D,H2O,5,Maximum amplitude,nA,1.245
1,Figure 1; Figure 5B,H170D,H2O,5,Maximum amplitude,nA,1.354
1,Figure 1; Figure 5B,H170D,H2O,5,Maximum amplitude,nA,1.405
1,Figure 1; Figure 5B,H170D,H2O,5,Maximum amplitude,nA,1.846
1,Figure 1; Figure 5B,H170D,H2O,5,Maximum amplitude,nA,2.157
1,Figure 1; Figure 5B,H170D,H2O,5,Maximum amplitude,nA,2.082
1,Figure 1; Figure 5B,H170D,H2O,5,Maximum amplitude,nA,2.549
1,Figure 1; Figure 5B,H170D,H2O,5,Maximum amplitude,nA,1.507
1,Figure 1; Figure 5B,H170D,H2O,5,Maximum amplitude,nA,1.391
1,Figure 1; Figure 5B,H170D,H2O,5,Maximum amplitude,nA,1.337
1,Figure 1; Figure 5B,H170E,H2O,5,Maximum amplitude,nA,3.099
1,Figure 1; Figure 5B,H170E,H2O,5,Maximum amplitude,nA,3.245
1,Figure 1; Figure 5B,H170E,H2O,5,Maximum amplitude,nA,2.594
1,Figure 1; Figure 5B,H170E,H2O,5,Maximum amplitude,nA,2.759
1,Figure 1; Figure 5B,H170E,H2O,5,Maximum amplitude,nA,1.453
1,Figure 1; Figure 5B,H170E,H2O,5,Maximum amplitude,nA,1.731
1,Figure 1; Figure 5B,H170E,H2O,5,Maximum amplitude,nA,2.329
1,Figure 1; Figure 5B,H170E,H2O,5,Maximum amplitude,nA,2.256
1,Figure 1; Figure 5B,H170E,H2O,5,Maximum amplitude,nA,1.766
1,Figure 3C,D162A,H2O,10,Maximum amplitude,nA,1.096
1,Figure 3C,D162A,H2O,10,Maximum amplitude,nA,0.911
1,Figure 3C,D162A,H2O,10,Maximum amplitude,nA,0.897
1,Figure 3C,D162A,H2O,10,Maximum amplitude,nA,0.861
1,Figure 3C,D162A,H2O,10,Maximum amplitude,nA,1.068
1,Figure 3C,D162A,H2O,10,Maximum amplitude,nA,0.939
1,Figure 3C,D162A,H2O,10,Maximum amplitude,nA,0.789
1,Figure 3C,D162A,H2O,10,Maximum amplitude,nA,0.817
1,Figure 3C,D162A,H2O,10,Maximum amplitude,nA,0.999
1,Figure 3C,D162A,H2O,10,Maximum amplitude,nA,1.144
1,Figure 3C; Figure 5B,WT,H2O,10,Maximum amplitude,nA,1.114
1,Figure 3C; Figure 5B,WT,H2O,10,Maximum amplitude,nA,0.998
1,Figure 3C; Figure 5B,WT,H2O,10,Maximum amplitude,nA,1.085
1,Figure 3C; Figure 5B,WT,H2O,10,Maximum amplitude,nA,1.150
1,Figure 3C; Figure 5B,WT,H2O,10,Maximum amplitude,nA,1.069
1,Figure 3C; Figure 5B,WT,H2O,10,Maximum amplitude,nA,1.396
1,Figure 3C; Figure 5B,WT,H2O,10,Maximum amplitude,nA,1.396
1,Figure 3C; Figure 5B,WT,H2O,10,Maximum amplitude,nA,0.901
1,Figure 3C; Figure 5B,WT,H2O,10,Maximum amplitude,nA,0.910
1,Figure 3D,D162A,H2O,5,k,s⁻¹,46.010
1,Figure 3D,D162A,H2O,5,k,s⁻¹,48.940
1,Figure 3D,D162A,H2O,5,k,s⁻¹,37.940
1,Figure 3D,D162A,H2O,5,k,s⁻¹,36.110
1,Figure 3D,D162A,H2O,5,k,s⁻¹,28.120
1,Figure 3D,D162A,H2O,5,k,s⁻¹,41.560
1,Figure 3D,D162A,H2O,5,k,s⁻¹,63.220
1,Figure 3D,D162A,H2O,5,k,s⁻¹,30.960
1,Figure 3D,D162A,H2O,10,k,s⁻¹,33.700
1,Figure 3D,D162A,H2O,10,k,s⁻¹,63.730
1,Figure 3D,D162A,H2O,10,k,s⁻¹,33.600
1,Figure 3D,D162A,H2O,10,k,s⁻¹,41.270
1,Figure 3D,D162A,H2O,10,k,s⁻¹,37.810
1,Figure 3D,D162A,H2O,10,k,s⁻¹,53.730
1,Figure 3D,D162A,H2O,10,k,s⁻¹,32.000
1,Figure 3D,D162A,H2O,10,k,s⁻¹,51.890
1,Figure 3D; Figure 5B,WT,H2O,5,k,s⁻¹,43.690
1,Figure 3D; Figure 5B,WT,H2O,5,k,s⁻¹,44.830
1,Figure 3D; Figure 5B,WT,H2O,5,k,s⁻¹,42.480
1,Figure 3D; Figure 5B,WT,H2O,5,k,s⁻¹,42.580
1,Figure 3D; Figure 5B,WT,H2O,5,k,s⁻¹,41.720
1,Figure 3D; Figure 5B,WT,H2O,5,k,s⁻¹,49.970
1,Figure 3D; Figure 5B,WT,H2O,5,k,s⁻¹,48.320
1,Figure 3D; Figure 5B,WT,H2O,5,k,s⁻¹,42.440
1,Figure 3D; Figure 5B,WT,H2O,5,k,s⁻¹,42.960
1,Figure 3D; Figure 5B,WT,H2O,10,k,s⁻¹,36.130
1,Figure 3D; Figure 5B,WT,H2O,10,k,s⁻¹,32.810
1,Figure 3D; Figure 5B,WT,H2O,10,k,s⁻¹,31.820
1,Figure 3D; Figure 5B,WT,H2O,10,k,s⁻¹,33.000
1,Figure 3D; Figure 5B,WT,H2O,10,k,s⁻¹,30.339
1,Figure 3D; Figure 5B,WT,H2O,10,k,s⁻¹,33.580
1,Figure 3D; Figure 5B,WT,H2O,10,k,s⁻¹,33.580
1,Figure 3D; Figure 5B,WT,H2O,10,k,s⁻¹,34.151
1,Figure 3D; Figure 5B,WT,H2O,10,k,s⁻¹,34.376
1,Figure 5B,H170A,H2O,5,k,s⁻¹,32.150
1,Figure 5B,H170A,H2O,5,k,s⁻¹,26.200
1,Figure 5B,H170A,H2O,5,k,s⁻¹,34.511
1,Figure 5B,H170A,H2O,5,k,s⁻¹,37.550
1,Figure 5B,H170A,H2O,5,k,s⁻¹,34.740
1,Figure 5B,H170A,H2O,5,k,s⁻¹,51.780
1,Figure 5B,H170A,H2O,5,k,s⁻¹,34.240
1,Figure 5B,H170A,H2O,10,Maximum amplitude,nA,0.833
1,Figure 5B,H170A,H2O,10,Maximum amplitude,nA,1.105
1,Figure 5B,H170A,H2O,10,Maximum amplitude,nA,1.121
1,Figure 5B,H170A,H2O,10,Maximum amplitude,nA,1.156
1,Figure 5B,H170A,H2O,10,Maximum amplitude,nA,0.726
1,Figure 5B,H170A,H2O,10,k,s⁻¹,29.000
1,Figure 5B,H170A,H2O,10,k,s⁻¹,31.000
1,Figure 5B,H170A,H2O,10,k,s⁻¹,18.470
1,Figure 5B,H170D,H2O,5,k,s⁻¹,24.360
1,Figure 5B,H170D,H2O,5,k,s⁻¹,33.930
1,Figure 5B,H170D,H2O,5,k,s⁻¹,33.930
1,Figure 5B,H170D,H2O,5,k,s⁻¹,33.120
1,Figure 5B,H170D,H2O,5,k,s⁻¹,36.170
1,Figure 5B,H170D,H2O,5,k,s⁻¹,25.670
1,Figure 5B,H170D,H2O,5,k,s⁻¹,25.670
1,Figure 5B,H170D,H2O,5,k,s⁻¹,32.810
1,Figure 5B,H170D,H2O,5,k,s⁻¹,29.980
1,Figure 5B,H170D,H2O,5,k,s⁻¹,35.520
1,Figure 5B,H170D,H2O,5,k,s⁻¹,35.750
1,Figure 5B,H170D,H2O,5,k,s⁻¹,35.750
1,Figure 5B,H170D,H2O,5,k,s⁻¹,28.570
1,Figure 5B,H170D,H2O,10,Maximum amplitude,nA,1.163
1,Figure 5B,H170D,H2O,10,Maximum amplitude,nA,0.773
1,Figure 5B,H170D,H2O,10,Maximum amplitude,nA,0.862
1,Figure 5B,H170D,H2O,10,Maximum amplitude,nA,0.757
1,Figure 5B,H170D,H2O,10,k,s⁻¹,21.670
1,Figure 5B,H170D,H2O,10,k,s⁻¹,16.970
1,Figure 5B,H170D,H2O,10,k,s⁻¹,21.570
1,Figure 5B,H170E,H2O,5,k,s⁻¹,21.270
1,Figure 5B,H170E,H2O,5,k,s⁻¹,23.420
1,Figure 5B,H170E,H2O,5,k,s⁻¹,27.710
1,Figure 5B,H170E,H2O,5,k,s⁻¹,25.990
1,Figure 5B,H170E,H2O,5,k,s⁻¹,18.950
1,Figure 5B,H170E,H2O,5,k,s⁻¹,21.160
1,Figure 5B,H170E,H2O,5,k,s⁻¹,28.310
1,Figure 5B,H170E,H2O,5,k,s⁻¹,32.080
1,Figure 5B,H170E,H2O,5,k,s⁻¹,17.230
1,Figure 5B,H170E,H2O,10,Maximum amplitude,nA,0.843
1,Figure 5B,H170E,H2O,10,Maximum amplitude,nA,1.380
1,Figure 5B,H170E,H2O,10,Maximum amplitude,nA,1.235
1,Figure 5B,H170E,H2O,10,Maximum amplitude,nA,1.763
1,Figure 5B,H170E,H2O,10,Maximum amplitude,nA,0.799
1,Figure 5B,H170E,H2O,10,Maximum amplitude,nA,0.799
1,Figure 5B,H170E,H2O,10,Maximum amplitude,nA,1.123
1,Figure 5B,H170E,H2O,10,k,s⁻¹,10.110
1,Figure 5B,H170E,H2O,10,k,s⁻¹,11.590
1,Figure 5B,H170E,H2O,10,k,s⁻¹,11.590
1,Figure 5B,H170E,H2O,10,k,s⁻¹,11.570
1,Figure 5B,H170E,H2O,10,k,s⁻¹,20.970
1,Figure 5B,H170E,H2O,10,k,s⁻¹,14.140
1,Figure 5B,H170E,H2O,10,k,s⁻¹,16.090
2,Figure 1; Figure 2B; Figure 2D,WT,H2O,5,Maximum amplitude,nA,2.176
2,Figure 1; Figure 2B; Figure 2D,WT,H2O,5,Maximum amplitude,nA,2.228
2,Figure 1; Figure 2B; Figure 2D,WT,H2O,5,Maximum amplitude,nA,1.561
2,Figure 1; Figure 2B; Figure 2D,WT,H2O,5,Maximum amplitude,nA,1.986
2,Figure 1; Figure 2B; Figure 2D,WT,H2O,5,Maximum amplitude,nA,1.426
2,Figure 1; Figure 2B; Figure 2D,WT,H2O,5,Maximum amplitude,nA,1.606
2,Figure 1; Figure 3F,D162A,H2O,5,Maximum amplitude,nA,1.179
2,Figure 1; Figure 3F,D162A,H2O,5,Maximum amplitude,nA,0.917
2,Figure 1; Figure 3F,D162A,H2O,5,Maximum amplitude,nA,1.308
2,Figure 1; Figure 3F,D162A,H2O,5,Maximum amplitude,nA,1.058
2,Figure 1; Figure 3F,D162A,H2O,5,Maximum amplitude,nA,1.333
2,Figure 1; Figure 3F,D162A,H2O,5,Maximum amplitude,nA,0.828
2,Figure 1; Figure 5C,H170A,H2O,5,Maximum amplitude,nA,1.580
2,Figure 1; Figure 5C,H170A,H2O,5,Maximum amplitude,nA,1.086
2,Figure 1; Figure 5C,H170A,H2O,5,Maximum amplitude,nA,1.333
2,Figure 1; Figure 5C,H170A,H2O,5,Maximum amplitude,nA,1.728
2,Figure 1; Figure 5C,H170A,H2O,5,Maximum amplitude,nA,1.243
2,Figure 1; Figure 5C,H170A,H2O,5,Maximum amplitude,nA,1.288
2,Figure 1; Figure 5C,H170A,H2O,5,Maximum amplitude,nA,1.321
2,Figure 1; Figure 5C,H170D,H2O,5,Maximum amplitude,nA,1.640
2,Figure 1; Figure 5C,H170D,H2O,5,Maximum amplitude,nA,1.272
2,Figure 1; Figure 5C,H170D,H2O,5,Maximum amplitude,nA,1.393
2,Figure 1; Figure 5C,H170D,H2O,5,Maximum amplitude,nA,1.544
2,Figure 1; Figure 5C,H170D,H2O,5,Maximum amplitude,nA,1.346
2,Figure 1; Figure 5C,H170D,H2O,5,Maximum amplitude,nA,1.318
2,Figure 1; Figure 5C,H170D,H2O,5,Maximum amplitude,nA,1.383
2,Figure 1; Figure 5C,H170D,H2O,5,Maximum amplitude,nA,1.037
2,Figure 1; Figure 5C,H170D,H2O,5,Maximum amplitude,nA,1.646
2,Figure 1; Figure 5C,H170D,H2O,5,Maximum amplitude,nA,1.599
2,Figure 1; Figure 5C,H170E,H2O,5,Maximum amplitude,nA,1.114
2,Figure 1; Figure 5C,H170E,H2O,5,Maximum amplitude,nA,1.121
2,Figure 1; Figure 5C,H170E,H2O,5,Maximum amplitude,nA,2.123
2,Figure 1; Figure 5C,H170E,H2O,5,Maximum amplitude,nA,1.778
2,Figure 1; Figure 5C,H170E,H2O,5,Maximum amplitude,nA,1.954
2,Figure 1; Figure 5C,H170E,H2O,5,Maximum amplitude,nA,1.857
2,Figure 1; Figure 5C,H170E,H2O,5,Maximum amplitude,nA,1.384
2,Figure 2B,WT,H2O,10,Maximum amplitude,nA,0.841
2,Figure 2B,WT,H2O,10,Maximum amplitude,nA,1.005
2,Figure 2B,WT,H2O,10,Maximum amplitude,nA,1.191
2,Figure 2B,WT,H2O,10,Maximum amplitude,nA,1.275
2,Figure 2B,WT,H2O,10,Maximum amplitude,nA,1.028
2,Figure 2B,WT,H2O,10,k,s⁻¹,26.230
2,Figure 2B,WT,H2O,10,k,s⁻¹,50.980
2,Figure 2B,WT,H2O,10,k,s⁻¹,25.060
2,Figure 2B,WT,H2O,10,k,s⁻¹,21.630
2,Figure 2B,WT,H2O,10,k,s⁻¹,56.700
2,Figure 2B,WT,H2O,50,Maximum amplitude,nA,0.546
2,Figure 2B,WT,H2O,50,Maximum amplitude,nA,0.579
2,Figure 2B,WT,H2O,50,Maximum amplitude,nA,0.176
2,Figure 2B,WT,H2O,50,Maximum amplitude,nA,0.381
2,Figure 2B,WT,H2O,50,k,s⁻¹,10.765
2,Figure 2B,WT,H2O,50,k,s⁻¹,20.065
2,Figure 2B,WT,H2O,50,k,s⁻¹,18.580
2,Figure 2B,WT,H2O,50,k,s⁻¹,13.020
2,Figure 2B; Figure 2D,WT,H2O,5,k,s⁻¹,49.270
2,Figure 2B; Figure 2D,WT,H2O,5,k,s⁻¹,66.100
2,Figure 2B; Figure 2D,WT,H2O,5,k,s⁻¹,41.380
2,Figure 2B; Figure 2D,WT,H2O,5,k,s⁻¹,69.840
2,Figure 2B; Figure 2D,WT,H2O,5,k,s⁻¹,76.560
2,Figure 2B; Figure 2D,WT,H2O,5,k,s⁻¹,54.460
2,Figure 2D,WT,D2O>H2O,5,Maximum amplitude,nA,1.591
2,Figure 2D,WT,D2O>H2O,5,Maximum amplitude,nA,1.524
2,Figure 2D,WT,D2O>H2O,5,Maximum amplitude,nA,1.914
2,Figure 2D,WT,D2O>H2O,5,Maximum amplitude,nA,1.706
2,Figure 2D,WT,D2O>H2O,5,k,s⁻¹,40.627
2,Figure 2D,WT,D2O>H2O,5,k,s⁻¹,46.804
2,Figure 2D,WT,D2O>H2O,5,k,s⁻¹,47.134
2,Figure 2D,WT,D2O>H2O,5,k,s⁻¹,62.437
2,Figure 2D; Figure 2F,WT,D2O,5,Maximum amplitude,nA,1.319
2,Figure 2D; Figure 2F,WT,D2O,5,Maximum amplitude,nA,1.052
2,Figure 2D; Figure 2F,WT,D2O,5,Maximum amplitude,nA,1.029
2,Figure 2D; Figure 2F,WT,D2O,5,Maximum amplitude,nA,0.950
2,Figure 2D; Figure 2F,WT,D2O,5,Maximum amplitude,nA,1.063
2,Figure 2D; Figure 2F,WT,D2O,5,Maximum amplitude,nA,0.831
2,Figure 2D; Figure 2F,WT,D2O,5,Maximum amplitude,nA,0.745
2,Figure 2D; Figure 2F,WT,D2O,5,k,s⁻¹,58.580
2,Figure 2D; Figure 2F,WT,D2O,5,k,s⁻¹,52.370
2,Figure 2D; Figure 2F,WT,D2O,5,k,s⁻¹,66.700
2,Figure 2D; Figure 2F,WT,D2O,5,k,s⁻¹,52.010
2,Figure 2D; Figure 2F,WT,D2O,5,k,s⁻¹,48.550
2,Figure 2D; Figure 2F,WT,D2O,5,k,s⁻¹,78.120
2,Figure 2D; Figure 2F,WT,D2O,5,k,s⁻¹,75.780
2,Figure 2F,WT,D2O,10,Maximum amplitude,nA,0.789
2,Figure 2F,WT,D2O,10,Maximum amplitude,nA,0.752
2,Figure 2F,WT,D2O,10,Maximum amplitude,nA,0.956
2,Figure 2F,WT,D2O,10,Maximum amplitude,nA,0.562
2,Figure 2F,WT,D2O,10,Maximum amplitude,nA,0.678
2,Figure 2F,WT,D2O,10,Maximum amplitude,nA,0.860
2,Figure 2F,WT,D2O,10,k,s⁻¹,37.345
2,Figure 2F,WT,D2O,10,k,s⁻¹,31.820
2,Figure 2F,WT,D2O,10,k,s⁻¹,25.340
2,Figure 2F,WT,D2O,10,k,s⁻¹,26.340
2,Figure 2F,WT,D2O,10,k,s⁻¹,24.700
2,Figure 2F,WT,D2O,10,k,s⁻¹,23.190
2,Figure 2F,WT,D2O,50,Maximum amplitude,nA,0.181
2,Figure 2F,WT,D2O,50,Maximum amplitude,nA,0.324
2,Figure 2F,WT,D2O,50,Maximum amplitude,nA,0.334
2,Figure 2F,WT,D2O,50,Maximum amplitude,nA,0.303
2,Figure 2F,WT,D2O,50,k,s⁻¹,10.020
2,Figure 2F,WT,D2O,50,k,s⁻¹,11.247
2,Figure 2F,WT,D2O,50,k,s⁻¹,10.112
2,Figure 2F,WT,D2O,50,k,s⁻¹,10.161
2,Figure 3F,D162A,D2O,5,Maximum amplitude,nA,0.896
2,Figure 3F,D162A,D2O,5,Maximum amplitude,nA,0.398
2,Figure 3F,D162A,D2O,5,Maximum amplitude,nA,0.349
2,Figure 3F,D162A,D2O,5,Maximum amplitude,nA,1.046
2,Figure 3F,D162A,D2O,5,Maximum amplitude,nA,0.824
2,Figure 3F,D162A,D2O,5,Maximum amplitude,nA,1.322
2,Figure 3F,D162A,D2O>H2O,5,Maximum amplitude,nA,1.546
2,Figure 3F,D162A,D2O>H2O,5,Maximum amplitude,nA,1.434
2,Figure 3F,D162A,D2O>H2O,5,Maximum amplitude,nA,1.058
2,Figure 3F,D162A,D2O>H2O,5,Maximum amplitude,nA,1.077
2,Figure 3F,D162A,D2O>H2O,5,Maximum amplitude,nA,1.668
2,Figure 3F,D162A,D2O>H2O,5,Maximum amplitude,nA,1.127
2,Figure 3F,D162A,D2O>H2O,5,Maximum amplitude,nA,0.792
2,Figure 3F,D162A,D2O>H2O,5,Maximum amplitude,nA,0.712
2,Figure 5C,H170A,D2O,5,Maximum amplitude,nA,0.400
2,Figure 5C,H170A,D2O,5,Maximum amplitude,nA,0.450
2,Figure 5C,H170A,D2O,5,Maximum amplitude,nA,0.386
2,Figure 5C,H170A,D2O,5,Maximum amplitude,nA,0.317
2,Figure 5C,H170A,D2O,5,Maximum amplitude,nA,0.437
2,Figure 5C,H170A,D2O,5,Maximum amplitude,nA,0.339
2,Figure 5C,H170A,D2O>H2O,5,Maximum amplitude,nA,1.481
2,Figure 5C,H170A,D2O>H2O,5,Maximum amplitude,nA,1.156
2,Figure 5C,H170A,D2O>H2O,5,Maximum amplitude,nA,2.089
2,Figure 5C,H170A,D2O>H2O,5,Maximum amplitude,nA,1.556
2,Figure 5C,H170A,D2O>H2O,5,Maximum amplitude,nA,1.264
2,Figure 5C,H170A,D2O>H2O,5,Maximum amplitude,nA,2.144
2,Figure 5C,H170A,D2O>H2O,5,Maximum amplitude,nA,1.454
2,Figure 5C,H170A,D2O>H2O,5,Maximum amplitude,nA,1.848
2,Figure 5C,H170A,D2O>H2O,5,Maximum amplitude,nA,1.837
2,Figure 5C,H170A,D2O>H2O,5,Maximum amplitude,nA,1.725
2,Figure 5C,H170D,D2O,5,Maximum amplitude,nA,0.414
2,Figure 5C,H170D,D2O,5,Maximum amplitude,nA,0.290
2,Figure 5C,H170D,D2O,5,Maximum amplitude,nA,0.357
2,Figure 5C,H170D,D2O,5,Maximum amplitude,nA,0.372
2,Figure 5C,H170D,D2O>H2O,5,Maximum amplitude,nA,0.971
2,Figure 5C,H170D,D2O>H2O,5,Maximum amplitude,nA,0.962
2,Figure 5C,H170D,D2O>H2O,5,Maximum amplitude,nA,0.791
2,Figure 5C,H170D,D2O>H2O,5,Maximum amplitude,nA,1.205
2,Figure 5C,H170D,D2O>H2O,5,Maximum amplitude,nA,1.235
2,Figure 5C,H170D,D2O>H2O,5,Maximum amplitude,nA,1.148
2,Figure 5C,H170D,D2O>H2O,5,Maximum amplitude,nA,1.731
2,Figure 5C,H170D,D2O>H2O,5,Maximum amplitude,nA,1.453
2,Figure 5C,H170D,D2O>H2O,5,Maximum amplitude,nA,1.319
2,Figure 5C,H170D,D2O>H2O,5,Maximum amplitude,nA,1.383
2,Figure 5C,H170E,D2O>H2O,5,Maximum amplitude,nA,1.728
2,Figure 5C,H170E,D2O>H2O,5,Maximum amplitude,nA,2.105
2,Figure 5C,H170E,D2O>H2O,5,Maximum amplitude,nA,1.675
2,Figure 5C,H170E,D2O>H2O,5,Maximum amplitude,nA,1.886
2,Figure 5C,H170E,D2O>H2O,5,Maximum amplitude,nA,2.153
2,Figure 5C,H170E,D2O>H2O,5,Maximum amplitude,nA,2.183